{"id":"bitcoin","symbol":"btc","name":"Bitcoin","localization":{"en":"Bitcoin","de":"Bitcoin","es":"Bitcoin","fr":"Bitcoin","it":"Bitcoin","pl":"Bitcoin","ro":"Bitcoin","hu":"Bitcoin","nl":"Bitcoin","pt":"Bitcoin","sv":"Bitcoin","vi":"Bitcoin","tr":"Bitcoin","ru":"биткоина","ja":"ビットコイン","zh":"比特币","zh-tw":"比特幣","ko":"비트코인","ar":"بيتكوين","th":"บิตคอยน์","id":"Bitcoin"},"image":{"thumb":"https://assets.coingecko.com/coins/images/1/thumb/bitcoin.png?1547033579","small":"https://assets.coingecko.com/coins/images/1/small/bitcoin.png?1547033579"},"market_data":{"current_price":{"aud":130.7952,"brl":268.8555,"btc":1.0,"cad":136.8008,"chf":126.7471,"cny":830.3415,"dkk":769.4261,"eur":103.1862,"gbp":86.889,"hkd":1043.747,"idr":1306348.9692,"inr":7304.2353,"jpy":13203.1967,"krw":149390.4586,"mxn":1633.6086,"myr":407.992,"nzd":158.5211,"php":5543.837,"pln":429.2283,"rub":4203.4233,"sek":884.1254,"sgd":166.2931,"usd":135.3,"xag":5.716,"xau":0.0938,"zar":1223.2239},"market_cap":{"aud":1450558006.5599997,"brl":2981688151.6499996,"btc":11090299.999999998,"cad":1517161912.2399998,"chf":1405663363.1299999,"cny":9208736337.449999,"dkk":8533166276.829999,"eur":1144365913.86,"gbp":963625076.6999998,"hkd":11575467354.099998,"idr":14487801973118.756,"inr":81006160747.59,"jpy":146427412362.00998,"krw":1656785003011.5798,"mxn":18117209456.579998,"myr":4524753677.599999,"nzd":1758046555.3299997,"php":61482815481.09999,"pln":4760270615.489999,"rub":46617225423.99,"sek":9805215923.619999,"sgd":1844240366.9299998,"usd":1500517590,"xag":63392154.79999999,"xau":1040270.1399999998,"zar":13565920018.169998},"total_volume":{"aud":0.0,"brl":0.0,"btc":0.0,"cad":0.0,"chf":0.0,"cny":0.0,"dkk":0.0,"eur":0.0,"gbp":0.0,"hkd":0.0,"idr":0.0,"inr":0.0,"jpy":0.0,"krw":0.0,"mxn":0.0,"myr":0.0,"nzd":0.0,"php":0.0,"pln":0.0,"rub":0.0,"sek":0.0,"sgd":0.0,"usd":0,"xag":0.0,"xau":0.0,"zar":0.0}},"community_data":{"facebook_likes":null,"twitter_followers":null,"reddit_average_posts_48h":0.0,"reddit_average_comments_48h":0.0,"reddit_subscribers":null,"reddit_accounts_active_48h":null},"developer_data":{"forks":null,"stars":null,"subscribers":null,"total_issues":null,"closed_issues":null,"pull_requests_merged":null,"pull_request_contributors":null,"code_additions_deletions_4_weeks":{"additions":null,"deletions":null},"commit_count_4_weeks":null},"public_interest_stats":{"alexa_rank":null,"bing_matches":null}}
