{"id":"bitcoin","symbol":"btc","name":"Bitcoin","localization":{"en":"Bitcoin","de":"Bitcoin","es":"Bitcoin","fr":"Bitcoin","it":"Bitcoin","pl":"Bitcoin","ro":"Bitcoin","hu":"Bitcoin","nl":"Bitcoin","pt":"Bitcoin","sv":"Bitcoin","vi":"Bitcoin","tr":"Bitcoin","ru":"биткоина","ja":"ビットコイン","zh":"比特币","zh-tw":"比特幣","ko":"비트코인","ar":"بيتكوين","th":"บิตคอยน์","id":"Bitcoin"},"image":{"thumb":"https://assets.coingecko.com/coins/images/1/thumb/bitcoin.png?1547033579","small":"https://assets.coingecko.com/coins/images/1/small/bitcoin.png?1547033579"},"market_data":{"current_price":{"aud":140.0534,"brl":287.7259,"btc":1.0,"cad":146.3907,"chf":135.5619,"cny":889.0842,"dkk":822.6608,"eur":110.3745,"gbp":93.0697,"hkd":1117.9148,"idr":1394387.3129,"inr":7822.3338,"jpy":14108.4087,"krw":159839.6429,"mxn":1748.706,"myr":436.5932,"nzd":169.7084,"php":5937.7695,"pln":459.2644,"rub":4501.5503,"sek":944.2334,"sgd":178.0707,"twd":4262.3287,"usd":141.96,"xag":6.1223,"xau":0.1005,"xdr":95.6015,"zar":1309.9167},"market_cap":{"aud":1553878467.66,"brl":3192290087.91,"btc":11094900.0,"cad":1624190177.43,"chf":1504045724.31,"cny":9864300290.58,"dkk":9127339309.92,"eur":1224594040.05,"gbp":1032599014.53,"hkd":12403152914.52,"idr":15470587797894.21,"inr":86788011277.62,"jpy":156531383685.63,"krw":1773404854011.21,"mxn":19401718199.4,"myr":4843957894.68,"nzd":1882897727.16,"php":65878958825.55,"pln":5095492591.56,"rub":49944250423.47,"sek":10476175149.66,"sgd":1975676609.43,"twd":47290110693.63,"usd":1575032004.0,"xag":67926306.27,"xau":1115037.45,"xdr":1060689082.35,"zar":14533394794.83},"total_volume":{"aud":0.0,"brl":0.0,"btc":0.0,"cad":0.0,"chf":0.0,"cny":0.0,"dkk":0.0,"eur":0.0,"gbp":0.0,"hkd":0.0,"idr":0.0,"inr":0.0,"jpy":0.0,"krw":0.0,"mxn":0.0,"myr":0.0,"nzd":0.0,"php":0.0,"pln":0.0,"rub":0.0,"sek":0.0,"sgd":0.0,"twd":0.0,"usd":0.0,"xag":0.0,"xau":0.0,"xdr":0.0,"zar":0.0}},"community_data":{"facebook_likes":null,"twitter_followers":null,"reddit_average_posts_48h":0.0,"reddit_average_comments_48h":0.0,"reddit_subscribers":null,"reddit_accounts_active_48h":null},"developer_data":{"forks":null,"stars":null,"subscribers":null,"total_issues":null,"closed_issues":null,"pull_requests_merged":null,"pull_request_contributors":null,"code_additions_deletions_4_weeks":{"additions":null,"deletions":null},"commit_count_4_weeks":null},"public_interest_stats":{"alexa_rank":null,"bing_matches":null}}
