{
  "coin": {
      "name": "Bcash",
      "shortcut": "BCHSV",
      "label": "Bitcoin Cash SV",
      "alias": "bcashsv"
  },
  "ports": {
    "backend_rpc": 8046,
    "backend_message_queue": 38346,
    "blockbook_internal": 9046,
    "blockbook_public": 9146
  },
  "ipc": {
    "rpc_url_template": "http://127.0.0.1:{{.Ports.BackendRPC}}",
    "rpc_user": "rpc",
    "rpc_pass": "rpc",
    "rpc_timeout": 25,
    "message_queue_binding_template": "tcp://127.0.0.1:{{.Ports.BackendMessageQueue}}"
  },
  "backend": {
    "package_name": "backend-bcashsv",
    "package_revision": "satoshilabs-1",
    "system_user": "bcashsv",
    "version": "1.0.1",
    "binary_url": "https://download.bitcoinsv.io/bitcoinsv/1.0.1/bitcoin-sv-1.0.1-x86_64-linux-gnu.tar.gz",
    "verification_type": "sha256",
    "verification_source": "8392c340b1fcc74ada9de72b16b5e026443c4b08757664b8133f447157b25a56",
    "extract_command": "tar -C backend --strip 1 -xf",
    "exclude_files": [],
    "exec_command_template": "{{.Env.BackendInstallPath}}/{{.Coin.Alias}}/bin/bitcoind -datadir={{.Env.BackendDataPath}}/{{.Coin.Alias}}/backend -conf={{.Env.BackendInstallPath}}/{{.Coin.Alias}}/{{.Coin.Alias}}.conf -pid=/run/{{.Coin.Alias}}/{{.Coin.Alias}}.pid",
    "logrotate_files_template": "{{.Env.BackendDataPath}}/{{.Coin.Alias}}/backend/*.log",
    "postinst_script_template": "",
    "service_type": "forking",
    "service_additional_params_template": "",
    "protect_memory": true,
    "mainnet": true,
    "server_config_file": "bitcoin_like.conf",
    "client_config_file": "bitcoin_like_client.conf",
    "additional_params": {
      "usecashaddr": 0,
      "excessiveblocksize":1000000000,
      "maxstackmemoryusageconsensus":100000000,
      "daemon":1
    }
  },
  "blockbook": {
    "package_name": "blockbook-bcashsv",
    "system_user": "blockbook-bcashsv",
    "internal_binding_template": ":{{.Ports.BlockbookInternal}}",
    "public_binding_template": ":{{.Ports.BlockbookPublic}}",
    "explorer_url": "",
    "additional_params": "",
    "block_chain": {
      "parse": true,
      "subversion": "/Bitcoin SV:1.0.1/",
      "mempool_workers": 8,
      "mempool_sub_workers": 2,
      "block_addresses_to_keep": 300,
      "additional_params": {}
    }
  },
  "meta": {
    "package_maintainer": "IT",
    "package_maintainer_email": "it@satoshilabs.com"
  }
}
