{
  "coin": {
    "name": "Bellcoin",
    "shortcut": "BELL",
    "label": "Bellcoin",
    "alias": "bellcoin"
  },
  "ports": {
    "backend_rpc": 8052,
    "backend_message_queue": 38352,
    "blockbook_internal": 9052,
    "blockbook_public": 9152
  },
  "ipc": {
    "rpc_url_template": "http://127.0.0.1:{{.Ports.BackendRPC}}",
    "rpc_user": "rpc",
    "rpc_pass": "rpc",
    "rpc_timeout": 25,
    "message_queue_binding_template": "tcp://127.0.0.1:{{.Ports.BackendMessageQueue}}"
  },
  "backend": {
    "package_name": "backend-bellcoin",
    "package_revision": "satoshilabs-1",
    "system_user": "bellcoin",
    "version": "1.0.2",
    "binary_url": "https://github.com/y-chan/bellcoin/releases/download/1.0.2/bellcoin-1.0.2-x86_64-linux-gnu.tar.gz",
    "verification_type": "sha256",
    "verification_source": "e959d7e9977ee50d99de2bc50a6d662626816794d3b6721d03f945e589bf8bfd",
    "extract_command": "tar -C backend --strip 1 -xf",
    "exclude_files": [
      "bellcoin-qt"
    ],
    "exec_command_template": "{{.Env.BackendInstallPath}}/{{.Coin.Alias}}/bellcoind -datadir={{.Env.BackendDataPath}}/{{.Coin.Alias}}/backend -conf={{.Env.BackendInstallPath}}/{{.Coin.Alias}}/{{.Coin.Alias}}.conf -pid=/run/{{.Coin.Alias}}/{{.Coin.Alias}}.pid",
    "logrotate_files_template": "{{.Env.BackendDataPath}}/{{.Coin.Alias}}/backend/*.log",
    "postinst_script_template": "",
    "service_type": "forking",
    "service_additional_params_template": "",
    "protect_memory": true,
    "mainnet": true,
    "server_config_file": "bitcoin_like.conf",
    "client_config_file": "bitcoin_like_client.conf",
    "additional_params": {
      "whitelist": "127.0.0.1"
    }
  },
  "blockbook": {
    "package_name": "blockbook-bellcoin",
    "system_user": "blockbook-bellcoin",
    "internal_binding_template": ":{{.Ports.BlockbookInternal}}",
    "public_binding_template": ":{{.Ports.BlockbookPublic}}",
    "explorer_url": "",
    "additional_params": "",
    "block_chain": {
      "parse": true,
      "mempool_workers": 8,
      "mempool_sub_workers": 2,
      "block_addresses_to_keep": 300,
      "xpub_magic": 76067358,
      "xpub_magic_segwit_p2sh": 77429938,
      "xpub_magic_segwit_native": 78792518,
      "slip44": 25252,
      "additional_params": {}
    }
  },
  "meta": {
    "package_maintainer": "ilmango-doge",
    "package_maintainer_email": "ilmango.doge@gmail.com"
  }
}