{
  "coin": {
    "name": "Testnet",
    "shortcut": "TEST",
    "label": "Bitcoin Testnet",
    "alias": "bitcoin_testnet"
  },
  "ports": {
    "backend_rpc": 18030,
    "backend_message_queue": 48330,
    "blockbook_internal": 19030,
    "blockbook_public": 19130
  },
  "ipc": {
    "rpc_url_template": "http://127.0.0.1:{{.Ports.BackendRPC}}",
    "rpc_user": "rpc",
    "rpc_pass": "rpc",
    "rpc_timeout": 25,
    "message_queue_binding_template": "tcp://127.0.0.1:{{.Ports.BackendMessageQueue}}"
  },
  "backend": {
    "package_name": "backend-bitcoin-testnet",
    "package_revision": "satoshilabs-1",
    "system_user": "bitcoin",
    "version": "23.0",
    "binary_url": "https://bitcoincore.org/bin/bitcoin-core-23.0/bitcoin-23.0-x86_64-linux-gnu.tar.gz",
    "verification_type": "sha256",
    "verification_source": "2cca490c1f2842884a3c5b0606f179f9f937177da4eadd628e3f7fd7e25d26d0",
    "extract_command": "tar -C backend --strip 1 -xf",
    "exclude_files": [
      "bin/bitcoin-qt"
    ],
    "exec_command_template": "{{.Env.BackendInstallPath}}/{{.Coin.Alias}}/bin/bitcoind -datadir={{.Env.BackendDataPath}}/{{.Coin.Alias}}/backend -conf={{.Env.BackendInstallPath}}/{{.Coin.Alias}}/{{.Coin.Alias}}.conf -pid=/run/{{.Coin.Alias}}/{{.Coin.Alias}}.pid",
    "logrotate_files_template": "{{.Env.BackendDataPath}}/{{.Coin.Alias}}/backend/testnet3/*.log",
    "postinst_script_template": "",
    "service_type": "forking",
    "service_additional_params_template": "",
    "protect_memory": true,
    "mainnet": false,
    "server_config_file": "bitcoin.conf",
    "client_config_file": "bitcoin_client.conf",
    "additional_params": {
      "deprecatedrpc": "estimatefee"
    }
  },
  "blockbook": {
    "package_name": "blockbook-bitcoin-testnet",
    "system_user": "blockbook-bitcoin",
    "internal_binding_template": ":{{.Ports.BlockbookInternal}}",
    "public_binding_template": ":{{.Ports.BlockbookPublic}}",
    "explorer_url": "",
    "additional_params": "",
    "block_chain": {
      "parse": true,
      "mempool_workers": 8,
      "mempool_sub_workers": 2,
      "block_addresses_to_keep": 300,
      "xpub_magic": 70617039,
      "xpub_magic_segwit_p2sh": 71979618,
      "xpub_magic_segwit_native": 73342198,
      "slip44": 1,
      "additional_params": {}
    }
  },
  "meta": {
    "package_maintainer": "IT",
    "package_maintainer_email": "it@satoshilabs.com"
  }
}
