{
  "coin": {
    "name": "DeepOnion",
    "shortcut": "ONION",
    "label": "DeepOnion",
    "alias": "deeponion"
  },
  "ports": {
    "backend_rpc": 8091,
    "backend_message_queue": 38391,
    "blockbook_internal": 9091,
    "blockbook_public": 9191
  },
  "ipc": {
    "rpc_url_template": "http://127.0.0.1:{{.Ports.BackendRPC}}",
    "rpc_user": "rpc",
    "rpc_pass": "rpc",
    "rpc_timeout": 25,
    "message_queue_binding_template": "tcp://127.0.0.1:{{.Ports.BackendMessageQueue}}"
  },
  "backend": {
    "package_name": "backend-deeponion",
    "package_revision": "satoshilabs-1",
    "system_user": "deeponion",
    "version": "2.2.0",
    "binary_url": "https://github.com/deeponion/deeponion/releases/download/v2.2.0/DeepOnion-2.2.0-x86_64-linux-gnu.tar.gz",
    "extract_command": "tar -C backend --strip 1 -xpf",
    "exclude_files": [
       "bin/DeepOnion-qt"
    ],
    "exec_command_template": "{{.Env.BackendInstallPath}}/{{.Coin.Alias}}/bin/DeepOniond -datadir={{.Env.BackendDataPath}}/{{.Coin.Alias}}/backend -conf={{.Env.BackendInstallPath}}/{{.Coin.Alias}}/{{.Coin.Alias}}.conf -pid=/run/{{.Coin.Alias}}/{{.Coin.Alias}}.pid",
    "logrotate_files_template": "{{.Env.BackendDataPath}}/{{.Coin.Alias}}/backend/*.log",
    "postinst_script_template": "",
    "service_type": "forking",
    "service_additional_params_template": "",
    "protect_memory": true,
    "mainnet": true,
    "server_config_file": "deeponion.conf",
    "client_config_file": "bitcoin_like_client.conf",
    "additional_params": {
      "whitelist": "127.0.0.1"
    }
  },
  "blockbook": {
    "package_name": "blockbook-deeponion",
    "system_user": "blockbook-deeponion",
    "internal_binding_template": ":{{.Ports.BlockbookInternal}}",
    "public_binding_template": ":{{.Ports.BlockbookPublic}}",
    "explorer_url": "",
    "additional_params": "",
    "block_chain": {
      "parse": true,
      "subversion": "/DeepOnionCore:2.2.0/",
      "mempool_workers": 8,
      "mempool_sub_workers": 2,
      "block_addresses_to_keep": 300,
      "xpub_magic": 27108450,
      "xpub_magic_segwit_p2sh": 28471030,
      "xpub_magic_segwit_native": 78792518,
      "slip44": 305,
      "additional_params": {}
    }
  },
  "meta": {
    "package_maintainer": "DeepOnion",
    "package_maintainer_email": "info@deeponion.org"
  }
}
