{
  "coin": {
    "name": "ECash",
    "shortcut": "XEC",
    "label": "eCash",
    "alias": "ecash"
  },
  "ports": {
    "backend_rpc": 8097,
    "backend_message_queue": 38397,
    "blockbook_internal": 9097,
    "blockbook_public": 9197
  },
  "ipc": {
    "rpc_url_template": "http://127.0.0.1:{{.Ports.BackendRPC}}",
    "rpc_user": "rpc",
    "rpc_pass": "rpc",
    "rpc_timeout": 25,
    "message_queue_binding_template": "tcp://127.0.0.1:{{.Ports.BackendMessageQueue}}"
  },
  "backend": {
    "package_name": "backend-ecash",
    "package_revision": "satoshilabs-1",
    "system_user": "ecash",
    "version": "0.26.1",
    "binary_url": "https://download.bitcoinabc.org/0.26.1/linux/bitcoin-abc-0.26.1-x86_64-linux-gnu.tar.gz",
    "verification_type": "sha256",
    "verification_source": "64c799b339b2aa03f50ac605f7df0586341ff5a2d74321b424f4fe35d37da0be",
    "extract_command": "tar -C backend --strip 1 -xf",
    "exclude_files": [
      "bin/bitcoin-qt"
    ],
    "exec_command_template": "{{.Env.BackendInstallPath}}/{{.Coin.Alias}}/bin/bitcoind -datadir={{.Env.BackendDataPath}}/{{.Coin.Alias}}/backend -conf={{.Env.BackendInstallPath}}/{{.Coin.Alias}}/{{.Coin.Alias}}.conf -pid=/run/{{.Coin.Alias}}/{{.Coin.Alias}}.pid",
    "logrotate_files_template": "{{.Env.BackendDataPath}}/{{.Coin.Alias}}/backend/*.log",
    "postinst_script_template": "",
    "service_type": "forking",
    "service_additional_params_template": "",
    "protect_memory": true,
    "mainnet": true,
    "server_config_file": "bcash.conf",
    "client_config_file": "bitcoin_like_client.conf",
    "additional_params": {
      "listen": 1,
      "avalanche": 1
    }
  },
  "blockbook": {
    "package_name": "blockbook-ecash",
    "system_user": "blockbook-ecash",
    "internal_binding_template": ":{{.Ports.BlockbookInternal}}",
    "public_binding_template": ":{{.Ports.BlockbookPublic}}",
    "explorer_url": "",
    "additional_params": "",
    "block_chain": {
      "parse": true,
      "subversion": "/Bitcoin ABC:0.26.1(EB32.0)/",
      "address_format": "cashaddr",
      "mempool_workers": 8,
      "mempool_sub_workers": 2,
      "block_addresses_to_keep": 300,
      "xpub_magic": 76067358,
      "slip44": 899,
      "additional_params": {
        "fiat_rates": "coingecko",
        "fiat_rates_params": "{\"url\": \"https://api.coingecko.com/api/v3\", \"coin\": \"ecash\", \"periodSeconds\": 60}"
      }
    }
  },
  "meta": {
    "package_maintainer": "eCash",
    "package_maintainer_email": "contact@e.cash"
  }
}
