{
  "coin": {
    "name": "Groestlcoin Testnet",
    "shortcut": "tGRS",
    "label": "Groestlcoin Testnet",
    "alias": "groestlcoin_testnet"
  },
  "ports": {
    "backend_rpc": 18045,
    "backend_message_queue": 48345,
    "blockbook_internal": 19045,
    "blockbook_public": 19145
  },
  "ipc": {
    "rpc_url_template": "http://127.0.0.1:{{.Ports.BackendRPC}}",
    "rpc_user": "rpc",
    "rpc_pass": "rpc",
    "rpc_timeout": 25,
    "message_queue_binding_template": "tcp://127.0.0.1:{{.Ports.BackendMessageQueue}}"
  },
  "backend": {
    "package_name": "backend-groestlcoin-testnet",
    "package_revision": "satoshilabs-1",
    "system_user": "groestlcoin",
    "version": "23.0",
    "binary_url": "https://github.com/Groestlcoin/groestlcoin/releases/download/v23.0/groestlcoin-23.0-x86_64-linux-gnu.tar.gz",
    "verification_type": "sha256",
    "verification_source": "46ab078422d0d2aaf5b89ac9603cb61a6ebf6c26a73b9440365a4df5f9bce7de",
    "extract_command": "tar -C backend --strip 1 -xf",
    "exclude_files": [
      "bin/groestlcoin-qt"
    ],
    "exec_command_template": "{{.Env.BackendInstallPath}}/{{.Coin.Alias}}/bin/groestlcoind -datadir={{.Env.BackendDataPath}}/{{.Coin.Alias}}/backend -conf={{.Env.BackendInstallPath}}/{{.Coin.Alias}}/{{.Coin.Alias}}.conf -pid=/run/{{.Coin.Alias}}/{{.Coin.Alias}}.pid",
    "logrotate_files_template": "{{.Env.BackendDataPath}}/{{.Coin.Alias}}/backend/testnet3/*.log",
    "postinst_script_template": "",
    "service_type": "forking",
    "service_additional_params_template": "",
    "protect_memory": true,
    "mainnet": false,
    "server_config_file": "bitcoin.conf",
    "client_config_file": "bitcoin_client.conf",
    "additional_params": {
      "deprecatedrpc": "estimatefee",
      "whitelist": "127.0.0.1"
    }
  },
  "blockbook": {
    "package_name": "blockbook-groestlcoin-testnet",
    "system_user": "blockbook-groestlcoin",
    "internal_binding_template": ":{{.Ports.BlockbookInternal}}",
    "public_binding_template": ":{{.Ports.BlockbookPublic}}",
    "explorer_url": "",
    "additional_params": "",
    "block_chain": {
      "parse": true,
      "mempool_workers": 8,
      "mempool_sub_workers": 2,
      "block_addresses_to_keep": 300,
      "xpub_magic": 70617039,
      "xpub_magic_segwit_p2sh": 71979618,
      "xpub_magic_segwit_native": 73342198,
      "slip44": 1,
      "additional_params": {
        "fiat_rates": "coingecko",
        "fiat_rates_params": "{\"url\": \"https://api.coingecko.com/api/v3\", \"coin\": \"groestlcoin\", \"periodSeconds\": 60}"
      }
    }
  },
  "meta": {
    "package_maintainer": "Groestlcoin Development Team",
    "package_maintainer_email": "jackie@groestlcoin.org"
  }
}
