{
  "coin": {
    "name": "MonetaryUnit",
    "shortcut": "MUE",
    "label": "MonetaryUnit",
    "alias": "monetaryunit"
  },
  "ports": {
    "backend_rpc": 8057,
    "backend_message_queue": 38357,
    "blockbook_internal": 9057,
    "blockbook_public": 9157
  },
  "ipc": {
    "rpc_url_template": "http://127.0.0.1:{{.Ports.BackendRPC}}",
    "rpc_user": "rpc",
    "rpc_pass": "monetaryunitrpc",
    "rpc_timeout": 25,
    "message_queue_binding_template": "tcp://127.0.0.1:{{.Ports.BackendMessageQueue}}"
  },
  "backend": {
    "package_name": "backend-monetaryunit",
    "package_revision": "satoshilabs-1",
    "system_user": "monetaryunit",
    "version": "2.1.4",
    "binary_url": "https://github.com/muecoin/MUE/releases/download/v2.1.4/mon-2.1.4-x86_64-linux-gnu.tar.gz",
    "verification_type": "sha256",
    "verification_source": "1aa4bf650676e28457866c4403608783cb1df047951caf43d9fc8ce9632d6151",
    "extract_command": "tar -C backend --strip 1 -xf",
    "exclude_files": [
      "bin/monetaryunit-qt"
    ],
    "exec_command_template": "{{.Env.BackendInstallPath}}/{{.Coin.Alias}}/bin/monetaryunitd -datadir={{.Env.BackendDataPath}}/{{.Coin.Alias}}/backend -conf={{.Env.BackendInstallPath}}/{{.Coin.Alias}}/{{.Coin.Alias}}.conf -pid=/run/{{.Coin.Alias}}/{{.Coin.Alias}}.pid",
    "logrotate_files_template": "{{.Env.BackendDataPath}}/{{.Coin.Alias}}/backend/*.log",
    "postinst_script_template": "",
    "service_type": "forking",
    "service_additional_params_template": "",
    "protect_memory": false,
    "mainnet": true,
    "server_config_file": "bitcoin_like.conf",
    "client_config_file": "bitcoin_like_client.conf",
    "additional_params": {
      "whitelist": "127.0.0.1"
    }
  },
  "blockbook": {
    "package_name": "blockbook-monetaryunit",
    "system_user": "blockbook-monetaryunit",
    "internal_binding_template": ":{{.Ports.BlockbookInternal}}",
    "public_binding_template": ":{{.Ports.BlockbookPublic}}",
    "explorer_url": "",
    "additional_params": "",
    "block_chain": {
      "parse": true,
      "mempool_workers": 8,
      "mempool_sub_workers": 2,
      "block_addresses_to_keep": 300,
      "xpub_magic": 76067358,
      "slip44": 31,
      "additional_params": {}
    }
  },
  "meta": {
    "package_maintainer": "sotblad",
    "package_maintainer_email": "swthrhs@protonmail.com"
  }
}
