{
  "coin": {
    "name": "Myriad",
    "shortcut": "XMY",
    "label": "Myriad",
    "alias": "myriad"
  },
  "ports": {
    "backend_rpc": 8043,
    "backend_message_queue": 38343,
    "blockbook_internal": 9043,
    "blockbook_public": 9143
  },
  "ipc": {
    "rpc_url_template": "http://127.0.0.1:{{.Ports.BackendRPC}}",
    "rpc_user": "rpc",
    "rpc_pass": "rpc",
    "rpc_timeout": 25,
    "message_queue_binding_template": "tcp://127.0.0.1:{{.Ports.BackendMessageQueue}}"
  },
  "backend": {
    "package_name": "backend-myriad",
    "package_revision": "satoshilabs-1",
    "system_user": "myriad",
    "version": "0.18.1.0",
    "binary_url": "https://github.com/myriadteam/myriadcoin/releases/download/v0.18.1.0/myriadcoin-0.18.1.0-x86_64-linux-gnu.tar.gz",
    "verification_type": "sha256",
    "verification_source": "b1af5682ecd89b6d8be284218bb503441b24b231a305d5a8cebb3c63889990b6",
    "extract_command": "tar -C backend --strip 1 -xf",
    "exclude_files": [
      "bin/myriadcoin-qt"
    ],
    "exec_command_template": "{{.Env.BackendInstallPath}}/{{.Coin.Alias}}/bin/myriadcoind -datadir={{.Env.BackendDataPath}}/{{.Coin.Alias}}/backend -conf={{.Env.BackendInstallPath}}/{{.Coin.Alias}}/{{.Coin.Alias}}.conf -pid=/run/{{.Coin.Alias}}/{{.Coin.Alias}}.pid",
    "logrotate_files_template": "{{.Env.BackendDataPath}}/{{.Coin.Alias}}/backend/*.log",
    "postinst_script_template": "",
    "service_type": "forking",
    "service_additional_params_template": "",
    "protect_memory": true,
    "mainnet": true,
    "server_config_file": "bitcoin_like.conf",
    "client_config_file": "bitcoin_like_client.conf",
    "additional_params": {
      "whitelist": "127.0.0.1"
    }
  },
  "blockbook": {
    "package_name": "blockbook-myriad",
    "system_user": "blockbook-myriad",
    "internal_binding_template": ":{{.Ports.BlockbookInternal}}",
    "public_binding_template": ":{{.Ports.BlockbookPublic}}",
    "explorer_url": "",
    "additional_params": "",
    "block_chain": {
      "parse": true,
      "mempool_workers": 8,
      "mempool_sub_workers": 2,
      "block_addresses_to_keep": 300,
      "xpub_magic": 76067358,
      "xpub_magic_segwit_p2sh": 77429938,
      "xpub_magic_segwit_native": 78792518,
      "slip44": 90,
      "additional_params": {}
    }
  },
  "meta": {
    "package_maintainer": "wlc-",
    "package_maintainer_email": "wwwwllllcccc@gmail.com"
  }
}
