{
    "coin": {
        "name": "Omotenashicoin",
            "shortcut": "MTNS",
            "label": "Omotenashicoin",
            "alias": "omotenashicoin"
    },
        "ports": {
            "blockbook_internal": 9094,
            "blockbook_public": 9194,
            "backend_rpc": 8094,
            "backend_message_queue": 38394
        },
        "ipc": {
            "rpc_url_template": "http://127.0.0.1:{{.Ports.BackendRPC}}",
            "rpc_user": "rpc",
            "rpc_pass": "mtnsrpc",
            "rpc_timeout": 25,
            "message_queue_binding_template": "tcp://127.0.0.1:{{.Ports.BackendMessageQueue}}"
        },
        "backend": {
            "package_name": "backend-mtns",
            "package_revision": "satoshilabs-1",
            "system_user": "mtns",
            "version": "1.7.3",
            "binary_url": "https://github.com/omotenashicoin-project/OmotenashiCoin-HDwalletbinaries/raw/master/stable/omotenashicoin-x86_64-linux-gnu.tar.gz",
            "verification_type": "",
            "verification_source": "",
            "extract_command": "tar -C backend --strip 1 -xf",
            "exclude_files": [
                "bin/omotenashicoin-qt"
            ],
            "exec_command_template": "{{.Env.BackendInstallPath}}/{{.Coin.Alias}}/bin/omotenashicoind -datadir={{.Env.BackendDataPath}}/{{.Coin.Alias}}/backend -conf={{.Env.BackendInstallPath}}/{{.Coin.Alias}}/{{.Coin.Alias}}.conf -pid=/run/{{.Coin.Alias}}/{{.Coin.Alias}}.pid",
            "logrotate_files_template": "{{.Env.BackendDataPath}}/{{.Coin.Alias}}/backend/*.log",
            "postinst_script_template": "",
            "service_type": "forking",
            "service_additional_params_template": "",
            "protect_memory": false,
            "mainnet": true,
            "server_config_file": "bitcoin_like.conf",
            "client_config_file": "bitcoin_like_client.conf",
            "additional_params": {
                "whitelist": "127.0.0.1"
            }
        },
        "blockbook": {
            "package_name": "blockbook-mtns",
            "system_user": "blockbook-mtns",
            "internal_binding_template": ":{{.Ports.BlockbookInternal}}",
            "public_binding_template": ":{{.Ports.BlockbookPublic}}",
            "explorer_url": "",
            "additional_params": "",
            "block_chain": {
                "parse": true,
                "mempool_workers": 8,
                "mempool_sub_workers": 2,
                "block_addresses_to_keep": 300,
                "xpub_magic": 61052245,
                "slip44": 341,
                "additional_params": {
                    "fiat_rates": "coingecko",
                    "fiat_rates_params": "{\"url\": \"https://api.coingecko.com/api/v3\", \"coin\": \"omotenashicoin\", \"periodSeconds\": 60}"
                }
            }
        },
        "meta": {
            "package_maintainer": "omotenashicoin dev",
            "package_maintainer_email": "git@omotenashicoin.site"
        }
}
