{
  "coin": {
    "name": "Ritocoin",
    "shortcut": "RITO",
    "label": "Ritocoin",
    "alias": "ritocoin"
  },
  "ports": {
    "backend_rpc": 8060,
    "backend_message_queue": 38360,
    "blockbook_internal": 9060,
    "blockbook_public": 9160
  },
  "ipc": {
    "rpc_url_template": "http://127.0.0.1:{{.Ports.BackendRPC}}",
    "rpc_user": "rpc",
    "rpc_pass": "rpc",
    "rpc_timeout": 25,
    "message_queue_binding_template": "tcp://127.0.0.1:{{.Ports.BackendMessageQueue}}"
  },
  "backend": {
    "package_name": "backend-ritocoin",
    "package_revision": "satoshilabs-1",
    "system_user": "ritocoin",
    "version": "2.4.2.0",
    "binary_url": "https://github.com/RitoProject/Ritocoin/releases/download/2.4.2.0/rito-2.4.2.0-x86_64-linux-gnu.tar.gz",
    "verification_type": "sha256",
    "verification_source": "69301b7bfa74765d5b535b2c2b93bcbd4d5c2870625004593b4c5c769e098f67",
    "extract_command": "tar -C backend --strip 1 -xf",
    "exclude_files": [
      "bin/rito-qt"
    ],
    "exec_command_template": "{{.Env.BackendInstallPath}}/{{.Coin.Alias}}/bin/ritod -datadir={{.Env.BackendDataPath}}/{{.Coin.Alias}}/backend -conf={{.Env.BackendInstallPath}}/{{.Coin.Alias}}/{{.Coin.Alias}}.conf -pid=/run/{{.Coin.Alias}}/{{.Coin.Alias}}.pid",
    "logrotate_files_template": "{{.Env.BackendDataPath}}/{{.Coin.Alias}}/backend/*.log",
    "postinst_script_template": "",
    "service_type": "forking",
    "service_additional_params_template": "",
    "protect_memory": true,
    "mainnet": true,
    "server_config_file": "bitcoin_like.conf",
    "client_config_file": "bitcoin_like_client.conf",
    "additional_params": {
      "deprecatedrpc": "estimatefee"
    }
  },
  "blockbook": {
    "package_name": "blockbook-ritocoin",
    "system_user": "blockbook-ritocoin",
    "internal_binding_template": ":{{.Ports.BlockbookInternal}}",
    "public_binding_template": ":{{.Ports.BlockbookPublic}}",
    "explorer_url": "",
    "additional_params": "",
    "block_chain": {
      "parse": true,
      "mempool_workers": 8,
      "mempool_sub_workers": 2,
      "block_addresses_to_keep": 300,
      "xpub_magic": 87353290,
      "slip44": 19169,
      "additional_params": {}
    }
  },
  "meta": {
    "package_maintainer": "Scotty",
    "package_maintainer_email": "scotty.rvn@gmail.com"
  }
}
