{
  "coin": {
    "name": "Trezarcoin",
    "shortcut": "TZC",
    "label": "Trezarcoin",
    "alias": "trezarcoin"
  },
  "ports": {
    "backend_rpc": 8096,
    "backend_message_queue": 38396,
    "blockbook_internal": 9096,
    "blockbook_public": 9196
  },
  "ipc": {
    "rpc_url_template": "http://127.0.0.1:{{.Ports.BackendRPC}}",
    "rpc_user": "rpc",
    "rpc_pass": "rpc",
    "rpc_timeout": 25,
    "message_queue_binding_template": "tcp://127.0.0.1:{{.Ports.BackendMessageQueue}}"
  },
  "backend": {
    "package_name": "backend-trezarcoin",
    "package_revision": "satoshilabs-1",
    "system_user": "trezarcoin",
    "version": "2.1.1",
    "binary_url": "https://github.com/TrezarCoin/TrezarCoin/releases/download/v2.1.1.0/trezarcoin-2.1.1-x86_64-linux-gnu.tar.gz",
    "verification_type": "sha256",
    "verification_source": "4b41c4fecf36a870d6bb7298d85b211f61d9f2bcc6c1bef3167f3ef772bc6fdf",
    "extract_command": "tar -C backend --strip 1 -xf",
    "exclude_files": [
      "bin/trezarcoin-qt"
    ],
    "exec_command_template": "{{.Env.BackendInstallPath}}/{{.Coin.Alias}}/bin/trezarcoind -datadir={{.Env.BackendDataPath}}/{{.Coin.Alias}}/backend -conf={{.Env.BackendInstallPath}}/{{.Coin.Alias}}/{{.Coin.Alias}}.conf -pid=/run/{{.Coin.Alias}}/{{.Coin.Alias}}.pid",
    "logrotate_files_template": "{{.Env.BackendDataPath}}/{{.Coin.Alias}}/backend/*.log",
    "postinst_script_template": "",
    "service_type": "forking",
    "service_additional_params_template": "",
    "protect_memory": true,
    "mainnet": true,
    "server_config_file": "bitcoin_like.conf",
    "client_config_file": "bitcoin_like_client.conf",
    "additional_params": {
      "whitelist": "127.0.0.1"
    }
  },
  "blockbook": {
    "package_name": "blockbook-trezarcoin",
    "system_user": "blockbook-trezarcoin",
    "internal_binding_template": ":{{.Ports.BlockbookInternal}}",
    "public_binding_template": ":{{.Ports.BlockbookPublic}}",
    "explorer_url": "",
    "additional_params": "",
    "block_chain": {
      "parse": true,
      "mempool_workers": 8,
      "mempool_sub_workers": 2,
      "block_addresses_to_keep": 300,
      "xpub_magic": 27108450,
      "slip44": 232,
      "additional_params": {
        "fiat_rates": "coingecko",
        "fiat_rates_params": "{\"url\": \"https://api.coingecko.com/api/v3\", \"coin\": \"trezarcoin\", \"periodSeconds\": 60}"
      }
    }
  },
  "meta": {
    "package_maintainer": "IT",
    "package_maintainer_email": "it@satoshilabs.com"
  }
}
