{
  "coin": {
    "name": "Unobtanium",
    "shortcut": "UNO",
    "label": "Unobtanium",
    "alias": "unobtanium"
  },
  "ports": {
    "backend_rpc": 65535,
    "backend_message_queue": 38392,
    "blockbook_internal": 9092,
    "blockbook_public": 9192
  },
  "ipc": {
    "rpc_url_template": "http://127.0.0.1:{{.Ports.BackendRPC}}",
    "rpc_user": "rpc",
    "rpc_pass": "rpcp",
    "rpc_timeout": 25,
    "message_queue_binding_template": "tcp://127.0.0.1:{{.Ports.BackendMessageQueue}}"
  },
  "backend": {
    "package_name": "backend-unobtanium",
    "package_revision": "satoshilabs-1",
    "system_user": "unobtanium",
    "version": "0.11.0.0",
    "binary_url": "http://flurbo.xyz/unobtanium-0.11.0.0.tar.gz",
    "verification_type": "sha256",
    "verification_source": "f972d5bb2ee778b224d1f7a6004c510bbedc92e5882937412781389b1da9a38c",
    "extract_command": "tar -C backend --strip 1 -xf",
    "exclude_files": [
        "bin/unobtanium-qt"
    ],
    "exec_command_template": "{{.Env.BackendInstallPath}}/{{.Coin.Alias}}/bin/unobtaniumd -datadir={{.Env.BackendDataPath}}/{{.Coin.Alias}}/backend -conf={{.Env.BackendInstallPath}}/{{.Coin.Alias}}/{{.Coin.Alias}}.conf -pid=/run/{{.Coin.Alias}}/{{.Coin.Alias}}.pid",
    "logrotate_files_template": "{{.Env.BackendDataPath}}/{{.Coin.Alias}}/backend/*.log",
    "postinst_script_template": "",
    "service_type": "forking",
    "service_additional_params_template": "",
    "protect_memory": false,
    "mainnet": true,
    "server_config_file": "bitcoin_like.conf",
    "client_config_file": "bitcoin_like_client.conf",
    "additional_params": {
      "reindex": 1,
      "discover": 0,
      "rpcthreads": 16,
      "upnp": 0,
      "whitelist": "127.0.0.1"
    }
  },
  "blockbook": {
    "package_name": "blockbook-unobtanium",
    "system_user": "blockbook-unobtanium",
    "internal_binding_template": ":{{.Ports.BlockbookInternal}}",
    "public_binding_template": ":{{.Ports.BlockbookPublic}}",
    "explorer_url": "",
    "additional_params": "-resyncindexperiod=30011 -resyncmempoolperiod=2011",
    "block_chain": {
      "parse": true,
      "mempool_workers": 8,
      "mempool_sub_workers": 2,
      "block_addresses_to_keep": 300,
      "xpub_magic": 76067358,
      "slip44": 92,
      "additional_params": {}
    }
  },
  "meta": {
    "package_maintainer": "BadChoicesZ",
    "package_maintainer_email": "choicesZ@unobtanium.uno"
  }
}
